"14247","http://pic.aminer.org/picture/images/no_photo.jpg"
"445653","http://pic0.aminer.org/thumb/01871/Claudia_Perlich_1296829283166.JPG"
"1385438","http://pic0.aminer.org/thumb/01967/Weizhu_Chen_1297509822194.JPG"
"570980","http://pic2.aminer.org/thumb/00291/Andrew_Tomkins_1289616924779.jpg"
"361796","http://pic0.aminer.org/thumb/00796/Chao_Liu_1289394303853.jpg"
"413866","http://pic2.aminer.org/thumb/01102/Vassilis_Athitsos_1297509708540.jpg"
"1404867","http://www.cs.odu.edu/~sji/Shuiwang-Ji.jpg"
"893473","http://pic1.aminer.org/thumb/01457/Roberto_J_Bayardo_1289387161719.jpg"
"100049","http://pic2.aminer.org/thumb/38/1225198407532.jpeg"
"736759","http://pic0.aminer.org/picture/02210/Lu_Ruqian_1324137292012.jpg"
"1000629","http://aminer.org/pictures/picture/02670/Jing_Gao_1325858504621.jpg"
"1103986","http://pic2.aminer.org/thumb/01455/Kenji_Yamanishi_1297510594462.jpg"
"656430","http://pic1.aminer.org/thumb/01496/Osmar_R_Zaiane_1299153872700.png"
"36958","http://pic1.aminer.org/thumb/00220/Charu_C_Aggarwal_1297509697058.jpg"
"630122","http://aminer.org/pictures/picture/01678/Mong_Li_Lee_1326009341078.jpg"
"732480","http://www.cs.umn.edu/cs_files/profile_karypis.jpg"
"155497","http://pic0.aminer.org/picture/01225/Shou_de_Lin_1319342988270.jpg"
"476448","http://pic0.aminer.org/thumb/486/1225200438322.gif"
"72999","http://pic1.aminer.org/thumb/489/1225201835396.jpeg"
"64027","http://pic1.aminer.org/thumb/486/1225200544455.jpeg"
"1458619","http://pic2.aminer.org/picture/01823/Jie_Tang_1331109426949.jpg"
"732385","http://www.seas.gwu.edu/~nzhang10/idimage.jpg"
"63202","http://pic1.aminer.org/thumb/01770/Mohammed_Javeed_Zaki_1297509299161.jpeg"
"1346755","http://pic2.aminer.org/thumb/490/1225202257068.png"
"1304851","http://www.mysmu.edu/faculty/jlshen/images/jlshen3.JPG"
"1332105","http://pic.aminer.org/picture/images/no_photo.jpg"
"158841","http://pic1.aminer.org/picture/01613/K_K_Chang_1318315650422.unknown.jpg"
"803478","http://pic2.aminer.org/thumb/01350/Ming_Hua_1297510148203.jpg"
"126820","http://pic2.aminer.org/thumb/00738/Ee_Peng_Lim_1289394297654.jpg"
"143327","http://pic0.aminer.org/thumb/39/1225198705305.jpeg"
"76719","http://pic1.aminer.org/thumb/39/1225198623422.jpeg"
"629953","http://pic1.aminer.org/picture/03379/Ying_Li_1322844330499.jpg"
"153984","http://sc.fsu.edu/images/people/cplant.jpg"
"192451","http://www.research.rutgers.edu/~lihong/pic/me-alligator.jpg"
"1405997","http://pic.aminer.org/picture/images/no_photo.jpg"
"466333","http://pic2.aminer.org/thumb/486/1225200552738.jpeg"
"1440445","http://pic2.aminer.org/thumb/00429/Hongyuan_Zha_1297593579274.jpg"
"558667","http://i.cs.hku.hk/~nikos/hkupic.jpg"
"229695","http://pic0.aminer.org/thumb/03785/Jiuyong_Li_1315838024418.png"
"534995","http://pic1.aminer.org/thumb/493/1225203738300.gif"
"107025","http://pic2.aminer.org/thumb/487/1225200648206.gif"
"1255580","http://research.i2r.a-star.edu.sg/jinyan/jinyan-2003-04.jpg"
"1263281","http://pic2.aminer.org/thumb/00527/Evimaria_Terzi_1297509288940.jpg"
"41017","http://pic0.aminer.org/thumb/37/1225198182948.jpeg"
"956448","http://pic1.aminer.org/picture/02947/Irwin_King_1321178395739.png"
"206567","http://pic1.aminer.org/thumb/01834/C_K_Reddy_1308265670454.png"
"759768","http://pic1.aminer.org/thumb/37/1225198099302.jpeg"
"127662","http://www.cs.cmu.edu/~jingruih/index_files/image002.jpg"
"868981","http://pic2.aminer.org/thumb/00038/Laura_Dietz_1297509837160.jpg"
"1275738","http://pic1.aminer.org/thumb/47/1225199769195.jpeg"
"43225","http://pic0.aminer.org/thumb/01453/U_Dayal_1297509827710.jpg"
"442296","http://pic.aminer.org/picture/images/no_photo.jpg"
"973889","http://pic1.aminer.org/thumb/00679/Michael_R_Berthold_1297509469264.jpg"
"404708","http://pic0.aminer.org/thumb/40/1225198847710.jpeg"
"546561","http://aminer.org/pictures/picture/00640/Guoliang_Li_1325954879309.jpg"
"369630","http://pic1.aminer.org/thumb/01648/Xuanhui_Wang_1297510578173.JPG"
"908111","http://pic1.aminer.org/thumb/512/1225210672807.jpeg"
"806969","http://pic2.aminer.org/thumb/01145/Tina_Eliassi_Rad_1297509850589.jpg"
"476255","http://pic0.aminer.org/thumb/00703/Naoki_Abe_1314685064516.png"
"178551","http://media.linkedin.com/mpr/mpr/shrink_80_80/p/2/000/042/096/02d1ccc.jpg"
"283044","http://pic2.aminer.org/thumb/01156/Daxin_Jiang_1289393883879.jpg"
"1080450","http://pic1.aminer.org/picture/02082/Deepak_Agarwal_1319343148801.gif"
"1119002","http://www.loria.fr/equipes/orpailleur/Images/Photos/Chedy.Raissi.jpg"
"381987","http://pic2.aminer.org/thumb/00372/Eugene_Agichtein_1289616880922.jpg"
"54672","http://pic1.aminer.org/thumb/502/1225209178623.jpeg"
"415987","http://arnetminer.org/pictures/picture/00638/Dell_Zhang_1297593580696.png"
"577119","http://pic1.aminer.org/picture/01491/Guangtong_Zhou_1318130373932.jpg"
"1464342","http://pic1.aminer.org/thumb/00393/Jure_Leskovec_1297509278836.jpg"
"1426111","http://pic1.aminer.org/thumb/38/1225198438676.gif"
"265966","http://pic0.aminer.org/thumb/00203/Philip_S_Yu_1289395474146.jpg"
"1540102","http://pic1.aminer.org/thumb/01542/Shirish_Tatikonda_1297510533216.jpg"
"5066","http://pic0.aminer.org/thumb/44/1225199459673.jpeg"
"632893","http://pic2.aminer.org/thumb/01457/Anitha_Kannan_1297510169379.jpg"
"224463","http://pic0.aminer.org/thumb/487/1225200783155.jpeg"
"1014050","http://pic2.aminer.org/thumb/00555/David_Newman_1297510271919.jpg"
"1227300","http://pic1.aminer.org/thumb/49/1225200040203.jpeg"
"836772","http://aminer.org/pictures/picture/02618/Shiqian_Ma_1325945897219.jpg"
"791631","http://pic1.aminer.org/thumb/487/1225200670444.jpeg"
"1013804","http://www.mpi-inf.mpg.de/~rgemulla/gemulla.jpg"
"915990","http://www.cs.cmu.edu/~spandey/sandeep.jpg"
"158316","http://pic2.aminer.org/thumb/01921/Rajesh_Parekh_1296829196859.jpg"
"239072","http://pic1.aminer.org/thumb/486/1225200468943.jpeg"
"89775","http://aminer.org/pictures/picture/03829/Toon_Calders_1326010047867.jpg"
"279827","http://parnec.nuaa.edu.cn/jliu/images/liu.jpg"
"341075","http://pic.aminer.org/picture/images/no_photo.jpg"
"87844","http://pic1.aminer.org/thumb/505/1225209851176.jpeg"
"194481","http://pic1.aminer.org/thumb/00763/Foto_N_Afrati_1297509690436.jpg"
"617429","http://pic2.aminer.org/thumb/00202/Jun_Huan_1315837924977.png"
"940096","http://media.cs.tsinghua.edu.cn/~multimedia/cuipeng/files/mainphoto.jpg"
"223583","http://www.stanford.edu/~dramage/mesa.jpg"
"677951","http://aminer.org/pictures/picture/02406/Antti_Ukkonen_1326010124572.jpg"
"517599","http://pic0.aminer.org/thumb/00323/Huan_Liu_1297510196198.jpg"
"708917","http://pic2.aminer.org/picture/02205/Christopher_Jermaine_1324533447793.jpg"
"956476","http://pic0.aminer.org/thumb/50/1225200204919.jpeg"
"1350529","http://research.yahoo.com/photos/anirban.gif"
"1133663","http://www-i9.informatik.rwth-aachen.de/en/system/files/file_upload/staff_pictures/seidl.gif?1262797232"
"745329","http://pic1.aminer.org/picture/02927/Jiawei_Han_1330682737987.jpg"
"1194720","http://pic0.aminer.org/thumb/01026/Francesco_Bonchi_1297509778071.jpg"
"583207","http://pic2.aminer.org/thumb/01724/Aris_Gkoulalas_Divanis_1297509868592.jpg"
"1412887","http://pic0.aminer.org/thumb/01702/Hong_Cheng_1289381080853.JPG"
"1422038","http://www.gatsby.ucl.ac.uk/~chuwei/chuwei.jpg"
"150768","http://pic0.aminer.org/thumb/00321/Jennifer_Neville_1297510268892.jpg"
"1164473","http://pic0.aminer.org/thumb/01903/Dacheng_Tao_1297510527565.jpg"
"497139","http://pic0.aminer.org/thumb/00119/Nitesh_V_Chawla_1297509821092.jpg"
"200694","http://aminer.org/pictures/picture/02136/Venu_Satuluri_1326007254032.jpg"
"897687","http://pic0.aminer.org/thumb/00570/Gordon_Sun_1303622806504.png"
"431460","http://pic2.aminer.org/thumb/03270/Joao_Gama_1307489135388.png"
"661013","http://aminer.org/pictures/picture/01258/Liang_Zhang_1325853323627.gif"
"208749","http://pic0.aminer.org/thumb/488/1225201002632.jpeg"
"127226","http://pic0.aminer.org/thumb/01618/Sunita_Sarawagi_1297509284936.jpg"
"821139","http://pic0.aminer.org/picture/03983/James_Bailey_1323785441940.jpg"
"1108709","http://aminer.org/pictures/picture/00474/Jiebo_Luo_1328735497259.jpg"
"1107259","http://pic0.aminer.org/thumb/00189/Siegfried_Nijssen_1307504486706.png"
"293616","http://pic1.aminer.org/thumb/00495/Yan_Liu_1296829231359.jpg"
"227106","http://pic0.aminer.org/thumb/37/1225198222924.jpeg"
"864512","http://pic1.aminer.org/thumb/495/1225204863489.jpeg"
"69780","http://pic0.aminer.org/thumb/500/1225208886394.bmp"
"676653","http://aminer.org/pictures/picture/02706/Andrew_Fast_1325858686470.jpg"
"767271","http://research.microsoft.com/en-us/people/jrwen/Ji-Rong-72.JPG"
"709717","http://ai.cs.washington.edu/www/media/icons/people/mattr2.jpg"
"1378755","http://pic.aminer.org/picture/images/no_photo.jpg"
"19869","http://pic.aminer.org/picture/images/no_photo.jpg"
"1096345","http://pic1.aminer.org/thumb/01583/Chris_Volinsky_1314341673783.png"
"227858","http://pic0.aminer.org/picture/02517/Changshui_Zhang_1325580832733.jpg"
"1167591","http://pic0.aminer.org/thumb/01404/Jian_Tao_Sun_1297509520207.jpg"
"181098","http://pic.aminer.org/picture/images/no_photo.jpg"
"947117","http://www.dbs.ifi.lmu.de/~zimek/pic/zimek.JPG"
"1048422","http://pic2.aminer.org/thumb/00624/Michael_Zeller_1296829191420.jpg"
"639559","http://www.cs.utah.edu/~jeffp/pictures/jeffp-small.jpg"
"924627","http://pic0.aminer.org/thumb/00674/Xiaoyong_Du_1299477288639.png"
"867120","http://pic.aminer.org/picture/images/no_photo.jpg"
"823144","http://pic1.aminer.org/thumb/01127/Diane_J_Cook_1297509823340.jpg"
"1067871","http://pic1.aminer.org/thumb/01852/Vikas_Sindhwani_1296829285934.jpg"
"464920","http://pic0.aminer.org/thumb/41/1225199006852.jpeg"
"194778","http://pic1.aminer.org/thumb/00188/Gautam_Das_1297509277190.jpg"
"655564","http://pic1.aminer.org/thumb/486/1225200483888.jpeg"
"199027","http://pic2.aminer.org/thumb/01853/Kyuseok_Shim_1301077744003.png"
"620825","http://pic0.aminer.org/picture/00645/Brian_Dalessandro_1317362683261.jpg"
"1231778","http://pic1.aminer.org/thumb/01245/Daryl_Pregibon_1297510346016.jpg"
"120048","http://aminer.org/pictures/picture/01999/Jonathan_Chang_1325868848966.jpg"
"787344","http://www.cs.binghamton.edu/~lyu/lyu.jpg"
"700391","http://pic.aminer.org/picture/images/no_photo.jpg"
"1259660","http://pic1.aminer.org/thumb/37/1225198098264.jpeg"
"11917","http://pic0.aminer.org/thumb/489/1225201664697.jpeg"
"946149","http://aminer.org/pictures/picture/02579/Sitaram_Asur_1326003783235.jpg"
"974208","http://aminer.org/pictures/picture/02884/Qi_He_1327569763693.jpg"
"196194","http://pic0.aminer.org/thumb/00016/Eamonn_J_Keogh_1297510170704.jpg"
"83180","http://pic1.aminer.org/picture/00021/Juanzi_Li_1319347855092.png"
"149095","http://userpages.umbc.edu/~zhchen/images/zhiyuan-portrait-small.jpg"
"659689","http://aminer.org/pictures/picture/01521/Gao_Cong_1325868636041.jpg"
"374503","http://www.cs.ucr.edu/~mueen/images/mm.png"
"692974","http://pic2.aminer.org/thumb/00216/George_Michailidis_1297510242679.jpg"
"1437233","http://pic2.aminer.org/thumb/01704/Johannes_Furnkranz_1297823139521.unknown.jpg"
"1495704","http://pic0.aminer.org/thumb/01790/Alfredo_Cuzzocrea_1307377683762.png"
"633386","http://pic1.aminer.org/thumb/01955/Qiaozhu_Mei_1297593520082.jpg"
"504797","http://pic1.aminer.org/thumb/490/1225202346035.jpeg"
"690504","http://pic1.aminer.org/thumb/00994/Naren_Ramakrishnan_1297510346471.jpg"
"43908","http://pic1.aminer.org/thumb/487/1225200776919.jpeg"
"110846","http://pic0.aminer.org/thumb/44/1225199448156.jpeg"
"557751","http://pic0.aminer.org/thumb/494/1225203961094.gif"
"301125","http://research.yahoo.com/photos/rlempel.gif"
"641958","http://pic1.aminer.org/thumb/497/1225206179577.jpeg"
"1358732","http://pic0.aminer.org/thumb/01121/Jian_Pei_1307377712369.png"
"75084","http://research.yahoo.com/photos/rrastogi.gif"
"1258606","http://pic2.aminer.org/thumb/489/1225201579257.jpeg"
"1439745","http://pic1.aminer.org/thumb/00680/Gavin_Brown_1297509784933.jpg"
"1378539","http://rakesh.agrawal-family.com/images/rakesh.jpg"
"499431","http://pic1.aminer.org/thumb/501/1225208940325.jpeg"
"991063","http://pic0.aminer.org/thumb/01974/Deng_Cai_1297509477187.jpg"
"417853","http://pic1.aminer.org/thumb/00337/Nick_Koudas_1289394073819.jpg"
"559670","http://pic0.aminer.org/thumb/494/1225204699184.jpeg"
"695080","http://pic1.aminer.org/thumb/01286/Junjie_Wu_1315838129564.png"
"161516","http://pic2.aminer.org/thumb/495/1225204831842.jpeg"
"1268918","http://pic2.aminer.org/thumb/00539/Olfa_Nasraoui_1307381879510.png"
"1083395","http://pic0.aminer.org/thumb/00929/John_Platt_1297510343574.jpg"
"1161406","http://pic0.aminer.org/picture/02416/Min_Ling_Zhang_1319343222540.jpg"
"8717","http://pic1.aminer.org/thumb/00869/Pang_Ning_Tan_1297510525544.jpg"
"938076","http://pic1.aminer.org/thumb/03800/Duygu_Ucar_1314691853854.png"
"162726","http://www.cs.pitt.edu/~valizadegan/Hamed%20Valizadegan's%20home%20page_files/Hamed%2520Valizadegan.jpg"
"1104099","http://pic1.aminer.org/thumb/494/1225204400411.jpeg"
"166683","http://labs.yahoo.com/photos/weimer.gif"
"1607404","http://pic.aminer.org/picture/images/no_photo.jpg"
"1090474","http://pic1.aminer.org/thumb/00592/Kanishka_Bhaduri_1297509471140.jpg"
"491097","http://pic2.aminer.org/thumb/01117/Arthur_Asuncion_1297509707270.jpg"
"261833","http://pic2.aminer.org/thumb/500/1225208654567.jpeg"
"422378","http://pic2.aminer.org/picture/00914/Yehuda_Koren_1323200118495.JPG"
"410066","http://aminer.org/pictures/picture/02415/Charles_X_F_Ling_1325944325441.JPG"
"85292","http://pic0.aminer.org/picture/02830/Shiqiang_Yang_1319343117009.jpg"
"1018937","http://www.cs.uoi.gr/~pvassil/projects/arktos_II/images/ManolisTerrovitis.jpg"
"1113935","http://pic0.aminer.org/thumb/01015/Ian_Davidson_1296829223576.jpg"
"95678","http://pic2.aminer.org/thumb/00730/Amol_Ghoting_1299815007909.png"
"827680","http://pic1.aminer.org/thumb/42/1225199120008.jpeg"
"191611","http://pic1.aminer.org/thumb/01659/Kunal_Punera_1289394523977.jpg"
"142175","http://pic0.aminer.org/thumb/01727/Hanghang_Tong_1297509523472.jpg"
"853188","http://pic2.aminer.org/thumb/39/1225198563650.jpeg"
"664231","http://www.cl.cam.ac.uk/~cm542/b&w2.png"
"1035781","http://pic2.aminer.org/thumb/00368/Christoforos_Anagnostopoulos_1297509700472.jpg"
"1406190","http://pic0.aminer.org/thumb/500/1225208849994.jpeg"
"6987","http://pic0.aminer.org/thumb/01872/Ming_Syan_Chen_1289386598381.jpg"
"1013676","http://pages.cs.wisc.edu/~beechung/image.jpg"
"1420627","http://pic0.aminer.org/thumb/45/1225199511616.gif"
"1449720","http://pic1.aminer.org/thumb/495/1225204868970.jpeg"
"917707","http://pic2.aminer.org/thumb/506/1225209955372.jpeg"
"399378","http://pic2.aminer.org/thumb/00133/Daniel_Kifer_1297510186044.jpg"
"1330425","http://pic1.aminer.org/thumb/02832/Rich_Caruana_1314764518502.png"
"1406064","http://pic1.aminer.org/thumb/00902/Sofus_A_Macskassy_1289616898141.jpg"
"592584","http://pic0.aminer.org/thumb/38/1225198485736.jpeg"
"763252","http://pic1.aminer.org/thumb/488/1225201140244.gif"
"913418","http://pic0.aminer.org/thumb/00001/Jaideep_Vaidya_1297510551871.jpg"
"683894","http://pic1.aminer.org/picture/03130/Bo_Zhang_1324136898794.jpg"
"1339475","http://pic1.aminer.org/thumb/03427/Xingquan_Zhu_1314699405793.png"
"942787","http://pic2.aminer.org/thumb/02151/Jianyong_Wang_1312111843601.png"
"507972","http://pic0.aminer.org/thumb/489/1225201659412.jpeg"
"742456","http://pic0.aminer.org/thumb/00518/Hang_Li_1289386837437.jpg"
"599930","http://research.yahoo.com/photos/goel.gif"
"859951","http://pic1.aminer.org/thumb/47/1225199848579.jpeg"
"1118086","http://pic1.aminer.org/thumb/01787/Michael_Steinbach_1297510516011.jpg"
"1411681","http://pic0.aminer.org/thumb/00400/Tie_Yan_Liu_1297593454688.jpg"
"294405","http://aminer.org/pictures/picture/00553/Yan_Jia_1325867149018.gif"
"1128214","http://pic2.aminer.org/thumb/01049/Wei_Wang_1297510570929.png"
"656935","http://pic0.aminer.org/thumb/01489/Diane_Lambert_1312201557636.png"
"145711","http://pic0.aminer.org/picture/03783/Ping_Luo_1325582127713.png"
"880847","http://pic1.aminer.org/thumb/488/1225201107672.jpeg"
"201595","http://aminer.org/pictures/picture/00954/Lyle_Ungar_1325850410863.jpg"
"142705","http://pic.aminer.org/picture/images/no_photo.jpg"
"485757","http://pic0.aminer.org/thumb/487/1225200767593.jpeg"
"586815","http://pic1.aminer.org/thumb/497/1225206541170.jpeg"
"1484425","http://pic1.aminer.org/thumb/03932/Alex_Thomo_1307381805602.png"
"908474","http://aminer.org/pictures/picture/00194/Xiaokui_Xiao_1325839499659.jpg"
"316230","http://pic0.aminer.org/thumb/504/1225209536636.jpeg"
"1006893","http://pic0.aminer.org/picture/00827/Balaji_Krishnapuram_1319347698919.png"
"528358","http://pic.aminer.org/picture/images/no_photo.jpg"
"1084529","http://aminer.org/pictures/picture/01227/S_Muthu_Muthukrishnan_1325947365538.jpg"
"845654","http://aminer.org/pictures/picture/02917/Artur_Dubrawski_1325868158728.jpg"
"1322586","http://pic2.aminer.org/thumb/00669/Raymond_Chi_Wing_Wong_1297510580695.JPG"
"337284","http://pic1.aminer.org/thumb/02175/Parisa_Rashidi_1315838059759.png"
"401047","http://pic0.aminer.org/thumb/01216/Latifur_Khan_1297510181610.jpg"
"859143","http://pic2.aminer.org/thumb/45/1225199555117.jpeg"
"1541216","http://pic2.aminer.org/thumb/501/1225209055531.jpeg"
"872273","http://pic1.aminer.org/thumb/00840/Bianca_Zadrozny_1314684101080.png"
"1064189","http://research.yahoo.com/photos/gionis.gif"
"906792","http://aminer.org/pictures/picture/00560/Wenjun_Zhou_1325851581263.jpg"
"1223506","http://aminer.org/pictures/picture/00468/Leong_Hou_U_1325850617211.jpg"
"21895","http://pic1.aminer.org/picture/03145/Ravi_Kumar_1323785461605.gif"
"35218","http://aminer.org/pictures/picture/03814/Jilles_Vreeken_1326009865082.jpg"
"1122336","http://pic2.aminer.org/thumb/00659/Zheng_Chen_1289392394571.jpg"
"1140047","http://pic1.aminer.org/thumb/488/1225201305240.jpeg"
"1299027","http://pic2.aminer.org/thumb/497/1225206150576.jpeg"
"1143159","http://pic0.aminer.org/thumb/01877/Panagiotis_Papapetrou_1297510275217.jpg"
"125267","http://pic2.aminer.org/thumb/00764/Ron_Bekkerman_1312224220666.png"
"324907","http://pic0.aminer.org/thumb/00480/Xifeng_Yan_1289395449692.jpg"
"340984","http://aminer.org/pictures/picture/00959/M_Riedewald_1325954219305.jpg"
"1105958","http://pic2.aminer.org/thumb/497/1225206163708.jpeg"
"388674","http://pic2.aminer.org/thumb/491/1225202543485.jpeg"
"524446","http://aminer.org/pictures/picture/02573/Prem_Melville_1326007768005.jpg"
"494359","http://pic1.aminer.org/picture/01002/Akhil_Kumar_1325782270389.jpg"
"1427561","http://research.microsoft.com/en-us/people/zhichdou/zhichdou_160_200.jpg"
"812775","http://pic2.aminer.org/thumb/02624/Xiaowei_Xu_1312114558614.png"
"429898","http://pic2.aminer.org/thumb/01378/Qiang_Yang_1297509296709.jpg"
"835222","http://pic2.aminer.org/thumb/03901/Jimeng_Sun_1314683773764.png"
"165390","http://pic1.aminer.org/thumb/01693/Srinivasan_Parthasarathy_1297509283883.jpg"
"297304","http://pic1.aminer.org/thumb/00977/Martin_Ester_1297509852124.jpg"
"408381","http://pic2.aminer.org/thumb/39/1225198636278.gif"
"208536","http://pic0.aminer.org/picture/01698/Alexandru_Niculescu_Mizil_1319342344580.png"
"711065","http://pic0.aminer.org/picture/03139/Maosong_Sun_1317315251848.jpg"
"18552","http://pic1.aminer.org/picture/00275/Dou_Shen_1317310849629.jpg"
"492280","http://pic0.aminer.org/picture/03546/Haifeng_Wang_1317315472631.jpg"
"1512530","http://aminer.org/pictures/picture/00573/Hongrae_Lee_1325943702003.jpg"
"1481719","http://pic0.aminer.org/thumb/00958/James_Cheng_1297593365900.JPG"
"331310","http://pic2.aminer.org/thumb/00242/Mikhail_Bilenko_1289396147791.jpg"
"1044490","http://pic1.aminer.org/thumb/01954/Donald_Metzler_1289616903672.jpg"
"313962","http://pic.aminer.org/picture/images/no_photo.jpg"
